,nav
2017-02-01,1.0011282535684298
2017-02-02,1.0009708228379512
2017-02-03,1.004088838267436
2017-02-06,1.005466353888348
2017-02-07,1.0057936751006047
2017-02-08,1.0057883796660279
2017-02-09,1.006780636043193
2017-02-10,1.0065913798358506
2017-02-13,1.0070636322409856
2017-02-14,1.0081175578723816
2017-02-15,1.0087899887275207
2017-02-16,1.0088805806696448
2017-02-17,1.0093051847699692
2017-02-21,1.0118597245988323
2017-02-22,1.0119609122424533
2017-02-23,1.011726234661227
2017-02-24,1.0128358905037196
2017-02-27,1.0128935359387765
2017-02-28,1.012283321172324
2017-03-01,1.0164236068567745
2017-03-02,1.0146456184232937
2017-03-03,1.0153168970219322
2017-03-06,1.0140942208775954
2017-03-07,1.0145017750298317
2017-03-08,1.0141632585216396
2017-03-09,1.0154443632022145
2017-03-10,1.0205254486900932
2017-03-13,1.0208098078385546
2017-03-14,1.0192189958994184
2017-03-15,1.0230723230778116
2017-03-16,1.021991035816539
2017-03-17,1.0214428186954723
2017-03-20,1.0203132568118192
2017-03-21,1.0166962928514687
2017-03-22,1.018831679684676
2017-03-23,1.0185212640387942
2017-03-24,1.0192476748554453
2017-03-27,1.0193686284101198
2017-03-28,1.020811025082196
2017-03-29,1.0210398666736902
2017-03-30,1.021154145374788
2017-03-31,1.021252890093955
2017-04-03,1.0195784496462632
2017-04-04,1.0197331761103186
2017-04-05,1.0196587021229249
2017-04-06,1.0208646443429035
2017-04-07,1.0207674202466823
2017-04-10,1.0213802458114634
2017-04-11,1.0212597451113736
2017-04-12,1.0199856552726838
2017-04-13,1.0194233786112892
2017-04-17,1.0201996283435402
2017-04-18,1.0199834851393996
2017-04-19,1.0191936688350773
2017-04-20,1.0197613580304479
2017-04-21,1.0200680950529075
2017-04-24,1.0205736377046561
2017-04-25,1.0188085514972567
2017-04-26,1.0185466546712496
2017-04-27,1.0196879021972776
2017-04-28,1.0195591151703274
2017-05-01,1.0213933123703378
2017-05-02,1.0231486398770366
2017-05-03,1.020944631175937
2017-05-04,1.0257953449522594
2017-05-05,1.0331284145116397
2017-05-08,1.0294118227974982
2017-05-09,1.0283759870468403
2017-05-10,1.025883521258873
2017-05-11,1.0239453803979333
2017-05-12,1.0228057384928277
2017-05-15,1.0300564298371158
2017-05-16,1.0273659426361612
2017-05-17,1.0184465766788158
2017-05-18,1.0189047058303768
2017-05-19,1.026964358485399
2017-05-22,1.0316370737707357
2017-05-23,1.0334821827624843
2017-05-24,1.0375468662528604
2017-05-25,1.0455828198847457
2017-05-26,1.0438273198002477
2017-05-30,1.0442226466331082
2017-05-31,1.0458799902577072
2017-06-01,1.0533755058466183
2017-06-02,1.0651217815378917
2017-06-05,1.0665396111260448
2017-06-06,1.0651348624640513
2017-06-07,1.0713215082401046
2017-06-08,1.0745810535590943
2017-06-09,1.0655202963757457
2017-06-12,1.063096765067534
2017-06-13,1.0660096761329805
2017-06-14,1.0652840060310493
2017-06-15,1.0674103366219332
2017-06-16,1.0665268573541815
2017-06-19,1.0723396501551736
2017-06-20,1.0712734420911947
2017-06-21,1.0706661007891467
2017-06-22,1.0702175453121259
2017-06-23,1.0704825933070388
2017-06-26,1.0705232827695417
2017-06-27,1.0682195443670788
2017-06-28,1.0689107010713195
2017-06-29,1.0657964917456058
2017-06-30,1.0678688288810383
2017-07-03,1.0676499461380304
2017-07-05,1.0687380161278108
2017-07-06,1.0680284853882083
2017-07-07,1.070542692139409
2017-07-10,1.0710979770660545
2017-07-11,1.0712367982977158
2017-07-12,1.0725478877078511
2017-07-13,1.07197717819991
2017-07-14,1.0734887871668894
2017-07-17,1.074105770418718
2017-07-18,1.074105770418718
2017-07-19,1.0753915580510829
2017-07-20,1.077268378116911
2017-07-21,1.0804017923386082
2017-07-24,1.0805575442060498
2017-07-25,1.080323640313144
2017-07-26,1.0815603980320807
2017-07-27,1.080566768873149
2017-07-28,1.085180173768816
2017-07-31,1.0853971044507422
2017-08-01,1.0877847736106694
2017-08-02,1.0876928491606346
2017-08-03,1.0871928491409588
2017-08-04,1.0906907187123773
2017-08-07,1.091357168291309
2017-08-08,1.0905386725406228
2017-08-09,1.090366865500171
2017-08-10,1.0819224428122476
2017-08-11,1.0864313278768203
2017-08-14,1.1003709147823266
2017-08-15,1.1033589165034103
2017-08-16,1.1077478186510574
2017-08-17,1.0975503713712593
2017-08-18,1.0968847799736865
2017-08-21,1.0925669692226936
2017-08-22,1.1051811442448152
2017-08-23,1.103723937846326
2017-08-24,1.1069232368621018
2017-08-25,1.1121591379504165
2017-08-28,1.115219402978478
2017-08-29,1.1182874150250133
2017-08-30,1.1213087136758029
2017-08-31,1.1217248041809618
2017-09-01,1.1236340599422914
2017-09-05,1.121614793362761
2017-09-06,1.1224266988524092
2017-09-07,1.1207408728106913
2017-09-08,1.123245130053472
2017-09-11,1.127324932781336
2017-09-12,1.1289364107525997
2017-09-13,1.1287559128483402
2017-09-14,1.1312687694240393
2017-09-15,1.1309867386695767
2017-09-18,1.1298770208286286
2017-09-19,1.1294332004876586
2017-09-20,1.1275635324581923
2017-09-21,1.1275849286242734
2017-09-22,1.129479491844695
2017-09-25,1.1261831355484733
2017-09-26,1.1283229920989362
2017-09-27,1.135494638100704
2017-09-28,1.139344842130217
2017-09-29,1.145371237502092
2017-10-02,1.1462364124373348
2017-10-03,1.1453050009561325
2017-10-04,1.1439613253766934
2017-10-05,1.144602625085062
2017-10-06,1.1439002492139916
2017-10-09,1.1448927368578956
2017-10-10,1.1469693263897562
2017-10-11,1.1460226458678786
2017-10-12,1.1426787259599558
2017-10-13,1.1406479435501216
2017-10-16,1.1391668466046032
2017-10-17,1.1391668466046032
2017-10-18,1.1391668466046032
2017-10-19,1.1391668466046032
2017-10-20,1.1391668466046032
2017-10-23,1.1391668466046032
2017-10-24,1.136795260349986
2017-10-25,1.1369966214470761
2017-10-26,1.1340241922136143
2017-10-27,1.1389851963732092
2017-10-30,1.1396389592093334
2017-10-31,1.1413981602413816
2017-11-01,1.1443332709012157
2017-11-02,1.145710004306491
2017-11-03,1.165323408246405
2017-11-06,1.1745940515896827
2017-11-07,1.178645198911031
2017-11-08,1.1740404364630306
2017-11-09,1.168416498703789
2017-11-10,1.1633502182138968
2017-11-13,1.164537187670065
2017-11-14,1.1644421662497662
2017-11-15,1.1611801092537708
2017-11-16,1.1665328278996527
2017-11-17,1.1689830765375975
2017-11-20,1.1731872368060434
2017-11-21,1.1769384631874367
2017-11-22,1.1781076266947337
2017-11-24,1.179253314786382
2017-11-27,1.1772038351176564
2017-11-28,1.1845547313649563
2017-11-29,1.1780728561730727
2017-11-30,1.1817192691377272
2017-12-01,1.178526054726151
2017-12-04,1.1760762059186591
2017-12-05,1.172111950305425
2017-12-06,1.171981341125688
2017-12-07,1.1768829154270095
2017-12-08,1.1837365510028657
2017-12-11,1.191373895285327
2017-12-12,1.1921898827228954
2017-12-13,1.189919536724311
2017-12-14,1.1839940472632486
2017-12-15,1.1884789304853571
2017-12-18,1.1919598167817183
2017-12-19,1.1892590608353937
2017-12-20,1.1843075328226003
2017-12-21,1.1841466188759604
2017-12-22,1.1831987985267014
2017-12-26,1.178879086056283
2017-12-27,1.1797147241076766
2017-12-28,1.1787296905889237
2017-12-29,1.1763506251194462
2018-01-02,1.1831377432900174
2018-01-03,1.1862677718124763
2018-01-04,1.191345253068499
2018-01-05,1.1903783592170993
2018-01-08,1.1910648986128218
2018-01-09,1.184681951128899
2018-01-10,1.1851094061464298
2018-01-11,1.1842939085871707
2018-01-12,1.184758304620631
2018-01-16,1.1854082557301293
2018-01-17,1.1896772320325062
2018-01-18,1.1885659611261725
2018-01-19,1.1876834352184424
2018-01-22,1.1884105636396303
2018-01-23,1.1907183983537442
2018-01-24,1.1880896458797596
2018-01-25,1.1868482445094983
2018-01-26,1.1892216527989414
2018-01-29,1.18718292198901
2018-01-30,1.1822844151133909
2018-01-31,1.1872465586242642
2018-02-01,1.1845302540054496
2018-02-02,1.1722471639974263
2018-02-05,1.1568741387830372
2018-02-06,1.159867861446809
2018-02-07,1.1579385592395663
2018-02-08,1.1271417336379166
2018-02-09,1.1436975267245182
2018-02-12,1.152850816538344
2018-02-13,1.153230471617864
2018-02-14,1.161303641232364
2018-02-15,1.173776313983232
2018-02-16,1.1786211293204347
2018-02-20,1.1833718891129583
2018-02-21,1.1726548334990876
2018-02-22,1.1712680997703853
2018-02-23,1.1907948261921064
2018-02-26,1.198884434969691
2018-02-27,1.194264786732711
2018-02-28,1.1791500926769571
2018-03-01,1.1644761514754802
2018-03-02,1.1878143826483443
2018-03-05,1.203052112219982
2018-03-06,1.205157523114254
2018-03-07,1.2065290363486139
2018-03-08,1.2164461227905896
2018-03-09,1.2304816692926042
2018-03-12,1.2362426569965435
2018-03-13,1.2279681602648844
2018-03-14,1.2224228714328893
2018-03-15,1.2186032044831816
2018-03-16,1.2204291008308947
2018-03-19,1.2064020813381993
2018-03-20,1.211375820648349
2018-03-21,1.2144046097519747
2018-03-22,1.1996943233428525
2018-03-23,1.190666200949762
2018-03-26,1.2042049920082338
2018-03-27,1.1998405401628258
2018-03-28,1.1998406061021616
2018-03-29,1.2004646469385123
2018-04-02,1.183590114047706
2018-04-03,1.1890822463718878
2018-04-04,1.1927760491769388
2018-04-05,1.196991795946376
2018-04-06,1.1944095560487902
2018-04-09,1.193499422314395
2018-04-10,1.1955948464935837
2018-04-11,1.1949175376679875
2018-04-12,1.195002201271187
2018-04-13,1.195002201271187
2018-04-16,1.195002201271187
2018-04-17,1.195002201271187
2018-04-18,1.195002201271187
2018-04-19,1.195002201271187
2018-04-20,1.195002201271187
2018-04-23,1.195002201271187
2018-04-24,1.195002201271187
2018-04-25,1.195002201271187
2018-04-26,1.195002201271187
2018-04-27,1.1958124677913142
2018-04-30,1.1953809127968986
2018-05-01,1.1944561520945793
2018-05-02,1.1927800373443418
2018-05-03,1.2019507776751168
2018-05-04,1.2055598808162413
2018-05-07,1.2078799367706439
2018-05-08,1.207397503254706
2018-05-09,1.2095807555637785
2018-05-10,1.2138023737089114
2018-05-11,1.2161519743863831
2018-05-14,1.2158970822525694
2018-05-15,1.2173437407256897
2018-05-16,1.2139854003326511
2018-05-17,1.216161886936726
2018-05-18,1.2171392652884738
2018-05-21,1.220128050631826
2018-05-22,1.2155609218707568
2018-05-23,1.2156204582083585
2018-05-24,1.2246014452083218
2018-05-25,1.2252528986165299
2018-05-29,1.2211465869783973
2018-05-30,1.2279863470833217
2018-05-31,1.2276537649961328
2018-06-01,1.234516486816887
2018-06-04,1.2408649233647768
2018-06-05,1.2483337347874892
2018-06-06,1.254315787468716
2018-06-07,1.24093555647921
2018-06-08,1.249411550655939
2018-06-11,1.2549607078153715
2018-06-12,1.2656101292784072
2018-06-13,1.2687895364375061
2018-06-14,1.2740518511346972
2018-06-15,1.274994485859672
2018-06-18,1.2757700770374352
2018-06-19,1.2752952252959475
2018-06-20,1.2757225918632864
2018-06-21,1.2750736278165866
2018-06-22,1.2738231848973358
2018-06-25,1.27379152811457
2018-06-26,1.2753585388614792
2018-06-27,1.272841824631595
2018-06-28,1.274377178595738
2018-06-29,1.2763082423444545
2018-07-02,1.2773370877843444
2018-07-03,1.2743455218129722
2018-07-05,1.2751211129907354
2018-07-06,1.2766881237376446
2018-07-09,1.2776694840033858
2018-07-10,1.2776694840033858
2018-07-11,1.2776694840033858
2018-07-12,1.2776694840033858
2018-07-13,1.2776694840033858
2018-07-16,1.2776694840033858
2018-07-17,1.2776694840033858
2018-07-18,1.2776694840033858
2018-07-19,1.2776694840033858
2018-07-20,1.2776694840033858
2018-07-23,1.2776694840033858
2018-07-24,1.2776694840033858
2018-07-25,1.2776694840033858
2018-07-26,1.2784273378945865
2018-07-27,1.2740005088158266
2018-07-30,1.2703074747745784
2018-07-31,1.270006739103467
2018-08-01,1.2711393639568696
2018-08-02,1.2761281267600326
2018-08-03,1.2764473385446546
2018-08-06,1.278469819957342
2018-08-07,1.2819575124723164
2018-08-08,1.2828302553434277
2018-08-09,1.279957346372948
2018-08-10,1.2807791708223037
2018-08-13,1.279388256739673
2018-08-14,1.2853445825079253
2018-08-15,1.265647207166479
2018-08-16,1.2674318231326596
2018-08-17,1.2682833598907735
2018-08-20,1.2673521027641397
2018-08-21,1.2702086766591527
2018-08-22,1.273341775317624
2018-08-23,1.2704046123162764
2018-08-24,1.2754301185850472
2018-08-27,1.277222628282875
2018-08-28,1.2738815552245812
2018-08-29,1.278591022781727
2018-08-30,1.2752474979296975
2018-08-31,1.274883263941778
2018-09-04,1.272951712008986
2018-09-05,1.2673464805012162
2018-09-06,1.266859175170697
2018-09-07,1.265400291963848
2018-09-10,1.2605099407851437
2018-09-11,1.2657847617719586
2018-09-12,1.2719224617275118
2018-09-13,1.2736605589993646
2018-09-14,1.2792763742522444
2018-09-17,1.2759665817948442
2018-09-18,1.278870855473794
2018-09-19,1.2819437323682545
2018-09-20,1.2813793744569955
2018-09-21,1.2835248945770872
2018-09-24,1.2835248945770872
2018-09-25,1.2835248945770872
2018-09-26,1.2835248945770872
2018-09-27,1.2835248945770872
2018-09-28,1.2835248945770872
2018-10-01,1.2835248945770872
2018-10-02,1.2835248945770872
2018-10-03,1.2835248945770872
2018-10-04,1.2835248945770872
2018-10-05,1.2835248945770872
2018-10-08,1.2835248945770872
2018-10-09,1.2835248945770872
2018-10-10,1.2835248945770872
2018-10-11,1.2835248945770872
2018-10-12,1.2835248945770872
2018-10-15,1.2835248945770872
2018-10-16,1.2835248945770872
2018-10-17,1.280183755654363
2018-10-18,1.2771503532113633
2018-10-19,1.2761392190636967
2018-10-22,1.2766667673146532
2018-10-23,1.2744686496023345
2018-10-24,1.2688391595993413
2018-10-25,1.2772529708511398
2018-10-26,1.2636442283853913
2018-10-29,1.2578366240266279
2018-10-30,1.2643217778054927
2018-10-31,1.2742989165655163
2018-11-01,1.2907617601297727
2018-11-02,1.2925093566789039
2018-11-05,1.2861462975379168
2018-11-06,1.2938478338324928
2018-11-07,1.310723838486033
2018-11-08,1.3075509255452185
2018-11-09,1.3045934775370958
2018-11-12,1.2837232312459856
2018-11-13,1.2842426392941908
2018-11-14,1.2873163395204132
2018-11-15,1.3005019221237735
2018-11-16,1.3010914363362778
2018-11-19,1.2767936035668654
2018-11-20,1.2716510222809894
2018-11-21,1.270355312720719
2018-11-23,1.2752587219846463
2018-11-26,1.2897249776163808
2018-11-27,1.2944356523266822
2018-11-28,1.3132290485352671
2018-11-29,1.3096502013927824
2018-11-30,1.3118893130749636
2018-12-03,1.3324451867760074
2018-12-04,1.30573035436587
2018-12-06,1.307135898842286
2018-12-07,1.2854780381917408
2018-12-10,1.295974110946694
2018-12-11,1.300503612973936
2018-12-12,1.3057692516133956
2018-12-13,1.304778843882992
2018-12-14,1.2987158853313314
2018-12-17,1.2916819956170265
2018-12-18,1.2882838463817137
2018-12-19,1.2845967881571665
2018-12-20,1.2798390214857454
2018-12-21,1.2785569590512469
2018-12-24,1.2689479269257673
2018-12-26,1.2755895233155257
2018-12-27,1.2768899757554784
2018-12-28,1.2781439834654327
2018-12-31,1.2784690965754208
2019-01-02,1.2780975387354343
2019-01-03,1.2676474744858146
2019-01-04,1.2686692585457775
2019-01-07,1.2708986055856963
2019-01-08,1.2700161557157283
2019-01-09,1.274753518175556
2019-01-10,1.276239749535502
2019-01-11,1.2767506415654832
2019-01-14,1.2768899757554784
2019-01-15,1.2794908806353835
2019-01-16,1.2772615335954647
2019-01-17,1.278933543875404
2019-01-18,1.281488004025311
2019-01-22,1.2803268857753531
2019-01-23,1.2799553279353666
2019-01-24,1.2799553279353666
2019-01-25,1.2799553279353666
2019-01-28,1.2799553279353666
2019-01-29,1.2799553279353666
2019-01-30,1.2799553279353666
2019-01-31,1.2799553279353666
2019-02-01,1.2799553279353666
2019-02-04,1.2799553279353666
2019-02-05,1.2799553279353666
2019-02-06,1.2799553279353666
2019-02-07,1.2799553279353666
2019-02-08,1.2799553279353666
2019-02-11,1.2799553279353666
2019-02-12,1.2799553279353666
2019-02-13,1.2799553279353666
2019-02-14,1.2799553279353666
2019-02-15,1.2799553279353666
2019-02-19,1.2799553279353666
2019-02-20,1.2799553279353666
2019-02-21,1.2799553279353666
2019-02-22,1.2799553279353666
2019-02-25,1.2799553279353666
2019-02-26,1.2799553279353666
2019-02-27,1.2799553279353666
2019-02-28,1.2799553279353666
2019-03-01,1.2799553279353666
2019-03-04,1.2799553279353666
2019-03-05,1.2799553279353666
2019-03-06,1.2799553279353666
2019-03-07,1.2799553279353666
2019-03-08,1.2799553279353666
2019-03-11,1.2799553279353666
2019-03-12,1.2799553279353666
2019-03-13,1.2799553279353666
2019-03-14,1.2799553279353666
2019-03-15,1.2799553279353666
2019-03-18,1.2799553279353666
2019-03-19,1.2799553279353666
2019-03-20,1.2799553279353666
2019-03-21,1.2799553279353666
2019-03-22,1.2799553279353666
2019-03-25,1.2799553279353666
2019-03-26,1.2799553279353666
2019-03-27,1.2799553279353666
2019-03-28,1.2799553279353666
2019-03-29,1.2799553279353666
2019-04-01,1.2799553279353666
2019-04-02,1.2799553279353666
2019-04-03,1.2799553279353666
2019-04-04,1.2799553279353666
2019-04-05,1.2799553279353666
2019-04-08,1.2799553279353666
2019-04-09,1.2799553279353666
2019-04-10,1.2799553279353666
2019-04-11,1.2799553279353666
2019-04-12,1.2799553279353666
2019-04-15,1.2799553279353666
2019-04-16,1.2799553279353666
2019-04-17,1.2799553279353666
2019-04-18,1.2799553279353666
2019-04-22,1.2799553279353666
2019-04-23,1.2799553279353666
2019-04-24,1.2799553279353666
2019-04-25,1.2799553279353666
2019-04-26,1.2799553279353666
2019-04-29,1.2799553279353666
2019-04-30,1.2799553279353666
2019-05-01,1.2799553279353666
2019-05-02,1.2799553279353666
2019-05-03,1.2799553279353666
2019-05-06,1.2799553279353666
2019-05-07,1.2799553279353666
2019-05-08,1.2799553279353666
2019-05-09,1.2799553279353666
2019-05-10,1.2799553279353666
2019-05-13,1.2799553279353666
2019-05-14,1.2799553279353666
2019-05-15,1.2799553279353666
2019-05-16,1.2799553279353666
2019-05-17,1.2799553279353666
2019-05-20,1.2799553279353666
2019-05-21,1.2799553279353666
2019-05-22,1.2799553279353666
2019-05-23,1.2799553279353666
2019-05-24,1.2799553279353666
2019-05-28,1.2799553279353666
2019-05-29,1.2799553279353666
2019-05-30,1.2799553279353666
2019-05-31,1.2799553279353666
2019-06-03,1.2799553279353666
2019-06-04,1.2799553279353666
2019-06-05,1.2799553279353666
2019-06-06,1.2799553279353666
2019-06-07,1.2799553279353666
2019-06-10,1.2799553279353666
2019-06-11,1.2799553279353666
2019-06-12,1.2799553279353666
2019-06-13,1.2799553279353666
2019-06-14,1.2799553279353666
2019-06-17,1.2799553279353666
2019-06-18,1.2799553279353666
2019-06-19,1.2799553279353666
2019-06-20,1.2799553279353666
2019-06-21,1.2799553279353666
2019-06-24,1.2799553279353666
2019-06-25,1.2799553279353666
2019-06-26,1.2799553279353666
2019-06-27,1.2799553279353666
2019-06-28,1.2799553279353666
2019-07-01,1.2799553279353666
2019-07-02,1.2799553279353666
2019-07-03,1.2799553279353666
2019-07-05,1.2799553279353666
2019-07-08,1.2799553279353666
2019-07-09,1.2799553279353666
2019-07-10,1.2799553279353666
2019-07-11,1.2799553279353666
2019-07-12,1.2799553279353666
2019-07-15,1.2799553279353666
2019-07-16,1.2799553279353666
2019-07-17,1.2799553279353666
2019-07-18,1.2799553279353666
2019-07-19,1.2799553279353666
2019-07-22,1.2799553279353666
2019-07-23,1.2799553279353666
2019-07-24,1.2799553279353666
2019-07-25,1.2799553279353666
2019-07-26,1.2799553279353666
2019-07-29,1.2799553279353666
2019-07-30,1.2799553279353666
2019-07-31,1.2799553279353666
2019-08-01,1.2799553279353666
2019-08-02,1.2799553279353666
2019-08-05,1.2799553279353666
2019-08-06,1.2799553279353666
2019-08-07,1.2799553279353666
2019-08-08,1.2799553279353666
2019-08-09,1.2799553279353666
2019-08-12,1.2799553279353666
2019-08-13,1.2799553279353666
2019-08-14,1.2799553279353666
2019-08-15,1.2799553279353666
2019-08-16,1.2799553279353666
2019-08-19,1.2799553279353666
2019-08-20,1.2799553279353666
2019-08-21,1.2799553279353666
2019-08-22,1.2799553279353666
2019-08-23,1.2799553279353666
2019-08-26,1.2799553279353666
2019-08-27,1.2799553279353666
2019-08-28,1.2799553279353666
2019-08-29,1.2799553279353666
2019-08-30,1.2799553279353666
2019-09-03,1.2799553279353666
2019-09-04,1.2799553279353666
2019-09-05,1.2799553279353666
2019-09-06,1.2799553279353666
2019-09-09,1.2799553279353666
2019-09-10,1.2799553279353666
2019-09-11,1.2799553279353666
2019-09-12,1.2799553279353666
2019-09-13,1.2799553279353666
2019-09-16,1.2799553279353666
2019-09-17,1.2799553279353666
2019-09-18,1.2799553279353666
2019-09-19,1.2799553279353666
2019-09-20,1.2799553279353666
2019-09-23,1.2799553279353666
2019-09-24,1.2799553279353666
2019-09-25,1.2799553279353666
2019-09-26,1.2799553279353666
2019-09-27,1.2799553279353666
2019-09-30,1.2799553279353666
2019-10-01,1.2799553279353666
2019-10-02,1.2799553279353666
2019-10-03,1.2809489106463738
2019-10-04,1.2827520792700537
2019-10-07,1.2824576843927182
2019-10-08,1.2821080904758824
2019-10-09,1.2818872943178807
2019-10-10,1.281574499760712
2019-10-11,1.2809673103262074
2019-10-14,1.2818136955985469
2019-10-15,1.283193671586057
2019-10-16,1.286179643298597
2019-10-17,1.2869849214809834
2019-10-18,1.2868464201306984
2019-10-21,1.2876458117937915
2019-10-22,1.2879311990975275
2019-10-23,1.289661208664635
2019-10-24,1.2896364828027465
2019-10-25,1.2905772219089227
2019-10-28,1.289368088671483
2019-10-29,1.2877999949086567
2019-10-30,1.2893122046401564
2019-10-31,1.286967459702433
2019-11-01,1.2911176480706952
2019-11-04,1.289997494857978
2019-11-05,1.2896696890563966
2019-11-06,1.2929581804487154
2019-11-07,1.2933435730895173
2019-11-08,1.288139209732643
2019-11-11,1.2894548792449272
2019-11-12,1.2872371086958792
2019-11-13,1.2885960600135467
2019-11-14,1.2883881356668314
2019-11-15,1.2905144588562327
2019-11-18,1.2910989730558775
2019-11-19,1.2911704210567543
2019-11-20,1.291922134841568
2019-11-21,1.2900701777231958
2019-11-22,1.2906095163675961
2019-11-25,1.2925634109117434
2019-11-26,1.29101689827884
2019-11-27,1.2889740297391516
2019-11-29,1.2886685824959556
2019-12-02,1.2875384276961304
2019-12-03,1.287966053836605
2019-12-04,1.289416928241786
2019-12-05,1.2906081724902503
2019-12-06,1.290104184538977
2019-12-09,1.2893100217066673
2019-12-10,1.2881187774582028
2019-12-11,1.2883173181662804
2019-12-12,1.2905470830416113
2019-12-13,1.2899972780038584
2019-12-16,1.291096888079364
2019-12-17,1.2903485423335337
2019-12-18,1.2903638146956935
2019-12-19,1.2918757785495139
2019-12-20,1.2925630348467048
2019-12-23,1.2925630348467048
2019-12-24,1.2925630348467048
2019-12-26,1.2925630348467048
2019-12-27,1.2925630348467048
2019-12-30,1.2925630348467048
2019-12-31,1.2925630348467048
2020-01-02,1.2925630348467048
2020-01-03,1.2925630348467048
2020-01-06,1.2925630348467048
2020-01-07,1.2925630348467048
2020-01-08,1.2925630348467048
2020-01-09,1.2925630348467048
2020-01-10,1.2925630348467048
2020-01-13,1.2925630348467048
2020-01-14,1.2925630348467048
2020-01-15,1.2925630348467048
2020-01-16,1.2925630348467048
2020-01-17,1.2925630348467048
2020-01-21,1.2925630348467048
2020-01-22,1.2925630348467048
2020-01-23,1.2925630348467048
2020-01-24,1.2925630348467048
2020-01-27,1.2925630348467048
2020-01-28,1.2925630348467048
2020-01-29,1.2925630348467048
2020-01-30,1.2925630348467048
2020-01-31,1.2925630348467048
2020-02-03,1.2925630348467048
2020-02-04,1.2925630348467048
2020-02-05,1.2925630348467048
2020-02-06,1.2925630348467048
2020-02-07,1.2925630348467048
2020-02-10,1.2925630348467048
2020-02-11,1.2925630348467048
2020-02-12,1.2925630348467048
2020-02-13,1.2925630348467048
2020-02-14,1.2925630348467048
2020-02-18,1.2925630348467048
2020-02-19,1.2925630348467048
2020-02-20,1.2925630348467048
2020-02-21,1.2925630348467048
2020-02-24,1.2925630348467048
2020-02-25,1.2925630348467048
2020-02-26,1.2925630348467048
2020-02-27,1.2925630348467048
2020-02-28,1.2925630348467048
2020-03-02,1.2925630348467048
2020-03-03,1.2925630348467048
2020-03-04,1.2925630348467048
2020-03-05,1.2925630348467048
2020-03-06,1.2925630348467048
2020-03-09,1.2925630348467048
2020-03-10,1.2925630348467048
2020-03-11,1.2925630348467048
2020-03-12,1.2925630348467048
2020-03-13,1.2925630348467048
2020-03-16,1.2925630348467048
2020-03-17,1.2925630348467048
2020-03-18,1.2925630348467048
2020-03-19,1.2925630348467048
2020-03-20,1.2925630348467048
2020-03-23,1.2925630348467048
2020-03-24,1.2925630348467048
2020-03-25,1.2925630348467048
2020-03-26,1.2925630348467048
2020-03-27,1.2925630348467048
2020-03-30,1.2925630348467048
2020-03-31,1.2925630348467048
2020-04-01,1.2925630348467048
2020-04-02,1.2925630348467048
2020-04-03,1.2925630348467048
2020-04-06,1.2925630348467048
2020-04-07,1.2925630348467048
2020-04-08,1.2925630348467048
2020-04-09,1.2925630348467048
2020-04-13,1.2925630348467048
2020-04-14,1.2925630348467048
2020-04-15,1.2925630348467048
2020-04-16,1.2925630348467048
2020-04-17,1.2925630348467048
2020-04-20,1.2925630348467048
2020-04-21,1.2925630348467048
2020-04-22,1.2925630348467048
2020-04-23,1.2925630348467048
2020-04-24,1.2925630348467048
2020-04-27,1.2925630348467048
2020-04-28,1.2925630348467048
2020-04-29,1.2925630348467048
2020-04-30,1.2925630348467048
2020-05-01,1.2925630348467048
2020-05-04,1.2925630348467048
2020-05-05,1.2925630348467048
2020-05-06,1.2891777880519661
2020-05-07,1.2907593126163035
2020-05-08,1.2951509841338023
2020-05-11,1.2906939603615788
2020-05-12,1.2797327376804817
2020-05-13,1.274559135277601
2020-05-14,1.2758993038922402
2020-05-15,1.2778876786494267
2020-05-18,1.2963634919312206
2020-05-19,1.2909066238027669
2020-05-20,1.293438101598591
2020-05-21,1.2963637144255349
2020-05-22,1.301236800715492
2020-05-26,1.3113055782259362
2020-05-27,1.3145733376889437
2020-05-28,1.316657347834673
2020-05-29,1.31969321438951
2020-06-01,1.319642357519968
2020-06-02,1.3249078697112933
2020-06-03,1.3324270192653944
2020-06-04,1.334105518902823
2020-06-05,1.3483142113274247
2020-06-08,1.3439299437338508
2020-06-09,1.3350050983164599
2020-06-10,1.3223265387641425
2020-06-11,1.3025019789951298
2020-06-12,1.3115266587465895
2020-06-15,1.3176741304293502
2020-06-16,1.3218298472929542
2020-06-17,1.320481531638376
2020-06-18,1.3171679380328636
2020-06-19,1.3189348158168603
2020-06-22,1.3184769003264964
2020-06-23,1.3174343176942178
2020-06-24,1.3111305355570984
2020-06-25,1.3111305355570984
2020-06-26,1.3111305355570984
2020-06-29,1.3111305355570984
2020-06-30,1.3111305355570984
2020-07-01,1.3111305355570984
2020-07-02,1.3111305355570984
2020-07-06,1.3111305355570984
2020-07-07,1.3111305355570984
2020-07-08,1.3111305355570984
2020-07-09,1.3111305355570984
2020-07-10,1.3111305355570984
2020-07-13,1.3111305355570984
2020-07-14,1.3111305355570984
2020-07-15,1.3111305355570984
2020-07-16,1.3111305355570984
2020-07-17,1.3111305355570984
2020-07-20,1.3111305355570984
2020-07-21,1.3111305355570984
2020-07-22,1.3111305355570984
2020-07-23,1.3111305355570984
2020-07-24,1.3111305355570984
2020-07-27,1.3111305355570984
2020-07-28,1.3111305355570984
2020-07-29,1.3111305355570984
2020-07-30,1.3120855275428807
2020-07-31,1.3101162426176258
2020-08-03,1.3118575953296627
2020-08-04,1.3099813038325505
2020-08-05,1.3188775237707837
2020-08-06,1.3088571805914082
2020-08-07,1.3116714192857102
2020-08-10,1.3231981989527628
2020-08-11,1.3357424444259327
2020-08-12,1.337269614721615
2020-08-13,1.3325642571944167
2020-08-14,1.3341602339426513
2020-08-17,1.3319293935978833
2020-08-18,1.3319508118307986
2020-08-19,1.332704459437967
2020-08-20,1.3289942507869617
2020-08-21,1.3294020240775661
2020-08-24,1.3323839247805656
2020-08-25,1.3346979929617435
2020-08-26,1.3376162587812968
2020-08-27,1.337854182376536
2020-08-28,1.3433033802379362
2020-08-31,1.3312304036203684
2020-09-01,1.3375873517319223
2020-09-02,1.3497628072696817
2020-09-03,1.3320623260442361
2020-09-04,1.3318051344381172
2020-09-08,1.3280421891857266
2020-09-09,1.334360905701369
2020-09-10,1.3300559574955528
2020-09-11,1.3361895124956042
2020-09-14,1.3427115464080537
2020-09-15,1.346345309324375
2020-09-16,1.3457975978207055
2020-09-17,1.3472286715227137
2020-09-18,1.3448162901393286
2020-09-21,1.3448162901393286
2020-09-22,1.3448162901393286
2020-09-23,1.3448162901393286
2020-09-24,1.3448162901393286
2020-09-25,1.3448162901393286
2020-09-28,1.3448162901393286
2020-09-29,1.3448162901393286
2020-09-30,1.3448162901393286
2020-10-01,1.3448162901393286
2020-10-02,1.3448162901393286
2020-10-05,1.3448162901393286
2020-10-06,1.3448162901393286
2020-10-07,1.3448162901393286
2020-10-08,1.3448162901393286
2020-10-09,1.3448162901393286
2020-10-12,1.3448162901393286
2020-10-13,1.3448162901393286
2020-10-14,1.3448162901393286
2020-10-15,1.3448162901393286
2020-10-16,1.3448162901393286
2020-10-19,1.3448162901393286
2020-10-20,1.3448162901393286
2020-10-21,1.344649544803746
2020-10-22,1.3462260461583437
2020-10-23,1.3456045408166273
2020-10-26,1.3443918474669367
2020-10-27,1.3408750367528341
2020-10-28,1.3389195687264583
2020-10-29,1.3480160240183348
2020-10-30,1.3458165846700987
2020-11-02,1.3509253870015079
2020-11-03,1.3585774593000548
2020-11-04,1.3584319582044813
2020-11-05,1.359665441981591
2020-11-06,1.373855642380233
2020-11-09,1.363982951075732
2020-11-10,1.3621864690805645
2020-11-11,1.3696000985572578
2020-11-12,1.3674869222089314
2020-11-13,1.3723170254250185
2020-11-16,1.3800481165933574
2020-11-17,1.388110798435037
2020-11-18,1.3820990036224001
2020-11-19,1.3899713701240037
2020-11-20,1.3933547968985827
2020-11-23,1.3980143011161834
2020-11-24,1.4018226668177898
2020-11-25,1.4057883571138543
2020-11-27,1.4096567161783888
2020-11-30,1.4127070020143637
2020-12-01,1.4138916383728908
2020-12-02,1.4101028129690496
2020-12-03,1.414903617098492
2020-12-04,1.419734646999067
2020-12-07,1.423259703709134
2020-12-08,1.4238407079344002
2020-12-09,1.4196162782852753
2020-12-10,1.4261402918696366
2020-12-11,1.427903383126941
2020-12-14,1.4273301944778511
2020-12-15,1.4289877940846787
2020-12-16,1.430010238701974
2020-12-17,1.4304285114999586
2020-12-18,1.4318382457450174
2020-12-21,1.4293595921273314
2020-12-22,1.4293595921273314
2020-12-23,1.4293595921273314
2020-12-24,1.4293595921273314
2020-12-28,1.4293595921273314
2020-12-29,1.4293595921273314
2020-12-30,1.4293595921273314
2020-12-31,1.4293595921273314
2021-01-04,1.4293595921273314
2021-01-05,1.4293595921273314
2021-01-06,1.4293595921273314
2021-01-07,1.4293595921273314
2021-01-08,1.4293595921273314
2021-01-11,1.4293595921273314
2021-01-12,1.4293595921273314
2021-01-13,1.4293595921273314
2021-01-14,1.4293595921273314
2021-01-15,1.4293595921273314
2021-01-19,1.4293595921273314
2021-01-20,1.4293595921273314
2021-01-21,1.4293595921273314
2021-01-22,1.4293595921273314
2021-01-25,1.4293595921273314
2021-01-26,1.4293595921273314
2021-01-27,1.4293595921273314
2021-01-28,1.4293595921273314
2021-01-29,1.4293595921273314
2021-02-01,1.4293595921273314
2021-02-02,1.4293595921273314
2021-02-03,1.4293595921273314
2021-02-04,1.4293595921273314
2021-02-05,1.4293595921273314
2021-02-08,1.4293595921273314
2021-02-09,1.4293595921273314
2021-02-10,1.4293595921273314
2021-02-11,1.4293595921273314
2021-02-12,1.4293595921273314
2021-02-16,1.4293595921273314
2021-02-17,1.4293595921273314
2021-02-18,1.4293595921273314
2021-02-19,1.4293595921273314
2021-02-22,1.4293595921273314
2021-02-23,1.4293595921273314
2021-02-24,1.4293595921273314
2021-02-25,1.4293595921273314
2021-02-26,1.4293595921273314
2021-03-01,1.4293595921273314
2021-03-02,1.4293595921273314
2021-03-03,1.4293595921273314
2021-03-04,1.4293595921273314
2021-03-05,1.4293595921273314
2021-03-08,1.4293595921273314
2021-03-09,1.4293595921273314
2021-03-10,1.4293595921273314
2021-03-11,1.4293595921273314
2021-03-12,1.4293595921273314
2021-03-15,1.4293595921273314
2021-03-16,1.4293595921273314
2021-03-17,1.4293595921273314
2021-03-18,1.4293595921273314
2021-03-19,1.4293595921273314
2021-03-22,1.4293595921273314
2021-03-23,1.4293595921273314
2021-03-24,1.4293595921273314
2021-03-25,1.4293595921273314
2021-03-26,1.4293595921273314
2021-03-29,1.4293595921273314
2021-03-30,1.4293595921273314
2021-03-31,1.4293595921273314
2021-04-01,1.4293595921273314
2021-04-05,1.4293595921273314
2021-04-06,1.4293595921273314
2021-04-07,1.4293595921273314
2021-04-08,1.4293595921273314
2021-04-09,1.4293595921273314
2021-04-12,1.4293595921273314
2021-04-13,1.4293595921273314
2021-04-14,1.4293595921273314
2021-04-15,1.4293595921273314
2021-04-16,1.4293595921273314
2021-04-19,1.4293595921273314
2021-04-20,1.4293595921273314
2021-04-21,1.4293595921273314
2021-04-22,1.4293595921273314
2021-04-23,1.4293595921273314
2021-04-26,1.4293595921273314
2021-04-27,1.4293595921273314
2021-04-28,1.4293595921273314
2021-04-29,1.4293595921273314
2021-04-30,1.4293595921273314
2021-05-03,1.4293595921273314
2021-05-04,1.4293595921273314
2021-05-05,1.4293595921273314
2021-05-06,1.4293595921273314
2021-05-07,1.4293595921273314
2021-05-10,1.4293595921273314
2021-05-11,1.4293595921273314
2021-05-12,1.4293595921273314
2021-05-13,1.4293595921273314
2021-05-14,1.4293595921273314
2021-05-17,1.4293595921273314
2021-05-18,1.4293595921273314
2021-05-19,1.4293595921273314
2021-05-20,1.4293595921273314
2021-05-21,1.4293595921273314
2021-05-24,1.4293595921273314
2021-05-25,1.4293595921273314
2021-05-26,1.4293595921273314
2021-05-27,1.4293595921273314
2021-05-28,1.4293595921273314
2021-06-01,1.4293595921273314
2021-06-02,1.4293595921273314
2021-06-03,1.4293595921273314
2021-06-04,1.4293595921273314
2021-06-07,1.4293595921273314
2021-06-08,1.4293595921273314
2021-06-09,1.4293595921273314
2021-06-10,1.4293595921273314
2021-06-11,1.4293595921273314
2021-06-14,1.4293595921273314
2021-06-15,1.4293595921273314
2021-06-16,1.4293595921273314
2021-06-17,1.4293595921273314
2021-06-18,1.4293595921273314
2021-06-21,1.4293595921273314
2021-06-22,1.4293595921273314
2021-06-23,1.4293595921273314
2021-06-24,1.4293595921273314
2021-06-25,1.4293595921273314
2021-06-28,1.4293595921273314
2021-06-29,1.4293595921273314
2021-06-30,1.4293595921273314
2021-07-01,1.4293595921273314
2021-07-02,1.4293595921273314
2021-07-06,1.4293595921273314
2021-07-07,1.4293595921273314
2021-07-08,1.4293595921273314
2021-07-09,1.4293595921273314
2021-07-12,1.4293595921273314
2021-07-13,1.4293595921273314
2021-07-14,1.4293595921273314
2021-07-15,1.4293595921273314
2021-07-16,1.4293595921273314
2021-07-19,1.4293595921273314
2021-07-20,1.4293595921273314
2021-07-21,1.4293595921273314
2021-07-22,1.4293595921273314
2021-07-23,1.4293595921273314
2021-07-26,1.4293595921273314
2021-07-27,1.4293595921273314
2021-07-28,1.4293595921273314
2021-07-29,1.4293595921273314
2021-07-30,1.4293595921273314
2021-08-02,1.4293595921273314
2021-08-03,1.4293595921273314
2021-08-04,1.4293595921273314
2021-08-05,1.4293595921273314
2021-08-06,1.4293595921273314
2021-08-09,1.4293595921273314
2021-08-10,1.4293595921273314
2021-08-11,1.4293595921273314
2021-08-12,1.4293595921273314
2021-08-13,1.4293595921273314
2021-08-16,1.4293595921273314
2021-08-17,1.4293595921273314
2021-08-18,1.4293595921273314
2021-08-19,1.4293595921273314
2021-08-20,1.4293595921273314
2021-08-23,1.4293595921273314
2021-08-24,1.4293595921273314
2021-08-25,1.4293595921273314
2021-08-26,1.4293595921273314
2021-08-27,1.4293595921273314
2021-08-30,1.4293595921273314
2021-08-31,1.4293595921273314
2021-09-01,1.4293595921273314
2021-09-02,1.4293595921273314
2021-09-03,1.4293595921273314
2021-09-07,1.4293595921273314
2021-09-08,1.4293595921273314
2021-09-09,1.4293595921273314
2021-09-10,1.4293595921273314
2021-09-13,1.4293595921273314
2021-09-14,1.4293595921273314
2021-09-15,1.4293595921273314
2021-09-16,1.4293595921273314
2021-09-17,1.4293595921273314
2021-09-20,1.4293595921273314
2021-09-21,1.4293595921273314
2021-09-22,1.4293595921273314
2021-09-23,1.4293595921273314
2021-09-24,1.4293595921273314
2021-09-27,1.4293595921273314
2021-09-28,1.4293595921273314
2021-09-29,1.4293595921273314
2021-09-30,1.4293595921273314
2021-10-01,1.4293595921273314
2021-10-04,1.4293595921273314
2021-10-05,1.4293595921273314
2021-10-06,1.4293595921273314
2021-10-07,1.4293595921273314
2021-10-08,1.4293595921273314
2021-10-11,1.4293595921273314
2021-10-12,1.4293595921273314
2021-10-13,1.4293595921273314
2021-10-14,1.4293595921273314
2021-10-15,1.4293595921273314
2021-10-18,1.4293595921273314
2021-10-19,1.4293595921273314
2021-10-20,1.4293595921273314
2021-10-21,1.4293595921273314
2021-10-22,1.4293595921273314
2021-10-25,1.4293595921273314
2021-10-26,1.4293595921273314
2021-10-27,1.4293595921273314
2021-10-28,1.4293595921273314
2021-10-29,1.4293595921273314
2021-11-01,1.4293595921273314
2021-11-02,1.4293595921273314
2021-11-03,1.4293595921273314
2021-11-04,1.4293595921273314
2021-11-05,1.4293595921273314
2021-11-08,1.4293595921273314
2021-11-09,1.4293595921273314
2021-11-10,1.4293595921273314
2021-11-11,1.4293595921273314
2021-11-12,1.4293595921273314
2021-11-15,1.4293595921273314
2021-11-16,1.4293595921273314
2021-11-17,1.4293595921273314
2021-11-18,1.4293595921273314
2021-11-19,1.4293595921273314
2021-11-22,1.4293595921273314
2021-11-23,1.4293595921273314
2021-11-24,1.4293595921273314
2021-11-26,1.4293595921273314
2021-11-29,1.4293595921273314
2021-11-30,1.4293595921273314
2021-12-01,1.4293595921273314
2021-12-02,1.4293595921273314
2021-12-03,1.4293595921273314
2021-12-06,1.4293595921273314
2021-12-07,1.4293595921273314
2021-12-08,1.4293595921273314
2021-12-09,1.4293595921273314
2021-12-10,1.4293595921273314
2021-12-13,1.4293595921273314
2021-12-14,1.4293595921273314
2021-12-15,1.4293595921273314
2021-12-16,1.4293595921273314
2021-12-17,1.4293595921273314
2021-12-20,1.4293595921273314
2021-12-21,1.4293595921273314
2021-12-22,1.4293595921273314
2021-12-23,1.4293595921273314
2021-12-27,1.4293595921273314
2021-12-28,1.4293595921273314
2021-12-29,1.4293595921273314
2021-12-30,1.4293595921273314
2021-12-31,1.4293595921273314
2022-01-03,1.4293595921273314
2022-01-04,1.4293595921273314
2022-01-05,1.4293595921273314
2022-01-06,1.4293595921273314
2022-01-07,1.4293595921273314
2022-01-10,1.4293595921273314
2022-01-11,1.4293595921273314
2022-01-12,1.4293595921273314
2022-01-13,1.4293595921273314
2022-01-14,1.4293595921273314
2022-01-18,1.4293595921273314
2022-01-19,1.4293595921273314
2022-01-20,1.4293595921273314
2022-01-21,1.4293595921273314
2022-01-24,1.4293595921273314
2022-01-25,1.4293595921273314
2022-01-26,1.4293595921273314
2022-01-27,1.4293595921273314
2022-01-28,1.4293595921273314
2022-01-31,1.4293595921273314
2022-02-01,1.4293595921273314
2022-02-02,1.4293595921273314
2022-02-03,1.4293595921273314
2022-02-04,1.4293595921273314
2022-02-07,1.4293595921273314
2022-02-08,1.4293595921273314
2022-02-09,1.4293595921273314
2022-02-10,1.4293595921273314
2022-02-11,1.4293595921273314
2022-02-14,1.4293595921273314
2022-02-15,1.4293595921273314
2022-02-16,1.4293595921273314
2022-02-17,1.4293595921273314
2022-02-18,1.4293595921273314
2022-02-22,1.4293595921273314
2022-02-23,1.4293595921273314
2022-02-24,1.4293595921273314
2022-02-25,1.4293595921273314
2022-02-28,1.4293595921273314
2022-03-01,1.4293595921273314
2022-03-02,1.4293595921273314
2022-03-03,1.4293595921273314
2022-03-04,1.4293595921273314
2022-03-07,1.4293595921273314
2022-03-08,1.4293595921273314
2022-03-09,1.4293595921273314
2022-03-10,1.4293595921273314
2022-03-11,1.4293595921273314
2022-03-14,1.4293595921273314
2022-03-15,1.4293595921273314
2022-03-16,1.4293595921273314
2022-03-17,1.4293595921273314
2022-03-18,1.4293595921273314
2022-03-21,1.4293595921273314
2022-03-22,1.4293595921273314
2022-03-23,1.4293595921273314
2022-03-24,1.4293595921273314
2022-03-25,1.4293595921273314
2022-03-28,1.4293595921273314
2022-03-29,1.4293595921273314
2022-03-30,1.4293595921273314
2022-03-31,1.4293595921273314
2022-04-01,1.4293595921273314
2022-04-04,1.4293595921273314
2022-04-05,1.4293595921273314
2022-04-06,1.4293595921273314
2022-04-07,1.4293595921273314
2022-04-08,1.4293595921273314
2022-04-11,1.4293595921273314
2022-04-12,1.4293595921273314
2022-04-13,1.4293595921273314
2022-04-14,1.4293595921273314
2022-04-18,1.4293595921273314
2022-04-19,1.4293595921273314
2022-04-20,1.4293595921273314
2022-04-21,1.4293595921273314
2022-04-22,1.4293595921273314
2022-04-25,1.4293595921273314
2022-04-26,1.4293595921273314
2022-04-27,1.4293595921273314
2022-04-28,1.4293595921273314
2022-04-29,1.4293595921273314
2022-05-02,1.4293595921273314
2022-05-03,1.4293595921273314
2022-05-04,1.4293595921273314
2022-05-05,1.4293595921273314
2022-05-06,1.4293595921273314
2022-05-09,1.4293595921273314
2022-05-10,1.4293595921273314
2022-05-11,1.4293595921273314
2022-05-12,1.4293595921273314
2022-05-13,1.4293595921273314
2022-05-16,1.4293595921273314
2022-05-17,1.4293595921273314
2022-05-18,1.4293595921273314
2022-05-19,1.4293595921273314
2022-05-20,1.4293595921273314
2022-05-23,1.4293595921273314
2022-05-24,1.4293595921273314
2022-05-25,1.4293595921273314
2022-05-26,1.4293595921273314
2022-05-27,1.4293595921273314
2022-05-31,1.4293595921273314
2022-06-01,1.4293595921273314
2022-06-02,1.4293595921273314
2022-06-03,1.4293595921273314
2022-06-06,1.4293595921273314
2022-06-07,1.4293595921273314
2022-06-08,1.4293595921273314
2022-06-09,1.4293595921273314
2022-06-10,1.4293595921273314
2022-06-13,1.4293595921273314
2022-06-14,1.4293595921273314
2022-06-15,1.4293595921273314
2022-06-16,1.4293595921273314
2022-06-17,1.4293595921273314
2022-06-21,1.4293595921273314
2022-06-22,1.4293595921273314
2022-06-23,1.4293595921273314
2022-06-24,1.4293595921273314
2022-06-27,1.4293595921273314
2022-06-28,1.4293595921273314
2022-06-29,1.4293595921273314
2022-06-30,1.4293595921273314
2022-07-01,1.4293595921273314
2022-07-05,1.4293595921273314
2022-07-06,1.4293595921273314
2022-07-07,1.4293595921273314
2022-07-08,1.4293595921273314
2022-07-11,1.4293595921273314
2022-07-12,1.4293595921273314
2022-07-13,1.4293595921273314
2022-07-14,1.4293595921273314
2022-07-15,1.4293595921273314
2022-07-18,1.4293595921273314
2022-07-19,1.4293595921273314
2022-07-20,1.4293595921273314
2022-07-21,1.4293595921273314
2022-07-22,1.4293595921273314
2022-07-25,1.4293595921273314
2022-07-26,1.4293595921273314
2022-07-27,1.4293595921273314
2022-07-28,1.4293595921273314
2022-07-29,1.4293595921273314
2022-08-01,1.4293595921273314
2022-08-02,1.4293595921273314
2022-08-03,1.4293595921273314
2022-08-04,1.4293595921273314
2022-08-05,1.4293595921273314
2022-08-08,1.4293595921273314
2022-08-09,1.4293595921273314
2022-08-10,1.4293595921273314
2022-08-11,1.4293595921273314
2022-08-12,1.4293595921273314
2022-08-15,1.4293595921273314
2022-08-16,1.4293595921273314
2022-08-17,1.4293595921273314
2022-08-18,1.4293595921273314
2022-08-19,1.4293595921273314
2022-08-22,1.4293595921273314
2022-08-23,1.4293595921273314
2022-08-24,1.4293595921273314
2022-08-25,1.4293595921273314
2022-08-26,1.4293595921273314
2022-08-29,1.4293595921273314
2022-08-30,1.4293595921273314
2022-08-31,1.4293595921273314
2022-09-01,1.4293595921273314
2022-09-02,1.4293595921273314
2022-09-06,1.4293595921273314
2022-09-07,1.4293595921273314
2022-09-08,1.4293595921273314
2022-09-09,1.4293595921273314
2022-09-12,1.4293595921273314
2022-09-13,1.4293595921273314
2022-09-14,1.4293595921273314
2022-09-15,1.4293595921273314
2022-09-16,1.4293595921273314
2022-09-19,1.4293595921273314
2022-09-20,1.4293595921273314
2022-09-21,1.4293595921273314
2022-09-22,1.4293595921273314
2022-09-23,1.4293595921273314
2022-09-26,1.4293595921273314
2022-09-27,1.4293595921273314
2022-09-28,1.4293595921273314
2022-09-29,1.4293595921273314
2022-09-30,1.4293595921273314
2022-10-03,1.4293595921273314
2022-10-04,1.4293595921273314
2022-10-05,1.4293595921273314
2022-10-06,1.4293595921273314
2022-10-07,1.4293595921273314
2022-10-10,1.4293595921273314
2022-10-11,1.4293595921273314
2022-10-12,1.4293595921273314
2022-10-13,1.4293595921273314
2022-10-14,1.4293595921273314
2022-10-17,1.4293595921273314
2022-10-18,1.4293595921273314
2022-10-19,1.4293595921273314
2022-10-20,1.4293595921273314
2022-10-21,1.4293595921273314
2022-10-24,1.4293595921273314
2022-10-25,1.4293595921273314
2022-10-26,1.4293595921273314
2022-10-27,1.4293595921273314
2022-10-28,1.4293595921273314
2022-10-31,1.4293595921273314
2022-11-01,1.4293595921273314
2022-11-02,1.4293595921273314
2022-11-03,1.4293595921273314
2022-11-04,1.4293595921273314
2022-11-07,1.4293595921273314
2022-11-08,1.4293595921273314
2022-11-09,1.4293595921273314
2022-11-10,1.4293595921273314
2022-11-11,1.4293595921273314
2022-11-14,1.4293595921273314
2022-11-15,1.4293595921273314
2022-11-16,1.4293595921273314
2022-11-17,1.4293595921273314
2022-11-18,1.4293595921273314
2022-11-21,1.4293595921273314
2022-11-22,1.4293595921273314
2022-11-23,1.4293595921273314
2022-11-25,1.4293595921273314
2022-11-28,1.4293595921273314
2022-11-29,1.4293595921273314
2022-11-30,1.4293595921273314
2022-12-01,1.4293595921273314
2022-12-02,1.4293595921273314
2022-12-05,1.4293595921273314
2022-12-06,1.4293595921273314
2022-12-07,1.4293595921273314
2022-12-08,1.4293595921273314
2022-12-09,1.4293595921273314
2022-12-12,1.4293595921273314
2022-12-13,1.4293595921273314
2022-12-14,1.4293595921273314
2022-12-15,1.4293595921273314
2022-12-16,1.4293595921273314
2022-12-19,1.4293595921273314
2022-12-20,1.4293595921273314
2022-12-21,1.4293595921273314
2022-12-22,1.4293595921273314
2022-12-23,1.4293595921273314
2022-12-27,1.4293595921273314
2022-12-28,1.4293595921273314
2022-12-29,1.4293595921273314
2022-12-30,1.4293595921273314
2023-01-03,1.4293595921273314
2023-01-04,1.4293595921273314
2023-01-05,1.4293595921273314
2023-01-06,1.4293595921273314
2023-01-09,1.4293595921273314
2023-01-10,1.4293595921273314
2023-01-11,1.4293595921273314
2023-01-12,1.4293595921273314
2023-01-13,1.4293595921273314
2023-01-17,1.4293595921273314
2023-01-18,1.4293595921273314
2023-01-19,1.4293595921273314
2023-01-20,1.4293595921273314
2023-01-23,1.4293595921273314
2023-01-24,1.4293595921273314
2023-01-25,1.4293595921273314
2023-01-26,1.4293595921273314
2023-01-27,1.4293595921273314
2023-01-30,1.4293595921273314
2023-01-31,1.4293595921273314
2023-02-01,1.4293595921273314
2023-02-02,1.4293595921273314
2023-02-03,1.4293595921273314
2023-02-06,1.4293595921273314
2023-02-07,1.4293595921273314
2023-02-08,1.4293595921273314
2023-02-09,1.4293595921273314
2023-02-10,1.4293595921273314
2023-02-13,1.4293595921273314
2023-02-14,1.4293595921273314
2023-02-15,1.4293595921273314
2023-02-16,1.4293595921273314
2023-02-17,1.4293595921273314
2023-02-21,1.4293595921273314
2023-02-22,1.4293595921273314
2023-02-23,1.4293595921273314
2023-02-24,1.4293595921273314
2023-02-27,1.4293595921273314
2023-02-28,1.4293595921273314
2023-03-01,1.4293595921273314
2023-03-02,1.4293595921273314
2023-03-03,1.4293595921273314
2023-03-06,1.4293595921273314
2023-03-07,1.4293595921273314
2023-03-08,1.4293595921273314
2023-03-09,1.4293595921273314
2023-03-10,1.4293595921273314
2023-03-13,1.4293595921273314
2023-03-14,1.4293595921273314
2023-03-15,1.4293595921273314
2023-03-16,1.4293595921273314
2023-03-17,1.4293595921273314
2023-03-20,1.4293595921273314
2023-03-21,1.4293595921273314
2023-03-22,1.4293595921273314
2023-03-23,1.4293595921273314
2023-03-24,1.4293595921273314
2023-03-27,1.4293595921273314
2023-03-28,1.4293595921273314
2023-03-29,1.4293595921273314
2023-03-30,1.4293595921273314
2023-03-31,1.4293595921273314
2023-04-03,1.4293595921273314
2023-04-04,1.4293595921273314
2023-04-05,1.4293595921273314
2023-04-06,1.4293595921273314
2023-04-10,1.4293595921273314
2023-04-11,1.4293595921273314
2023-04-12,1.4293595921273314
2023-04-13,1.4293595921273314
2023-04-14,1.4293595921273314
2023-04-17,1.4293595921273314
2023-04-18,1.4293595921273314
2023-04-19,1.4293595921273314
2023-04-20,1.4293595921273314
2023-04-21,1.4293595921273314
2023-04-24,1.4293595921273314
2023-04-25,1.4293595921273314
2023-04-26,1.4293595921273314
2023-04-27,1.4293595921273314
2023-04-28,1.4293595921273314
2023-05-01,1.4293595921273314
2023-05-02,1.4293595921273314
2023-05-03,1.4293595921273314
2023-05-04,1.4293595921273314
2023-05-05,1.4293595921273314
2023-05-08,1.4293595921273314
2023-05-09,1.4293595921273314
2023-05-10,1.4293595921273314
2023-05-11,1.4293595921273314
2023-05-12,1.4293595921273314
2023-05-15,1.4293595921273314
2023-05-16,1.4293595921273314
2023-05-17,1.4293595921273314
2023-05-18,1.4293595921273314
2023-05-19,1.4293595921273314
2023-05-22,1.4293595921273314
2023-05-23,1.4293595921273314
2023-05-24,1.4293595921273314
2023-05-25,1.4293595921273314
2023-05-26,1.4293595921273314
2023-05-30,1.4293595921273314
2023-05-31,1.4293595921273314
2023-06-01,1.4293595921273314
2023-06-02,1.4293595921273314
2023-06-05,1.4293595921273314
2023-06-06,1.4293595921273314
2023-06-07,1.4293595921273314
2023-06-08,1.4293595921273314
2023-06-09,1.4293595921273314
2023-06-12,1.4293595921273314
2023-06-13,1.4293595921273314
2023-06-14,1.4293595921273314
2023-06-15,1.4293595921273314
2023-06-16,1.4293595921273314
2023-06-20,1.4293595921273314
2023-06-21,1.4293595921273314
2023-06-22,1.4293595921273314
2023-06-23,1.4293595921273314
2023-06-26,1.4293595921273314
2023-06-27,1.4293595921273314
2023-06-28,1.4293595921273314
2023-06-29,1.4293595921273314
2023-06-30,1.4293595921273314
2023-07-03,1.4293595921273314
2023-07-05,1.4293595921273314
2023-07-06,1.4293595921273314
2023-07-07,1.4293595921273314
2023-07-10,1.4293595921273314
2023-07-11,1.4293595921273314
2023-07-12,1.4293595921273314
2023-07-13,1.4293595921273314
2023-07-14,1.4293595921273314
2023-07-17,1.4293595921273314
2023-07-18,1.4293595921273314
2023-07-19,1.4293595921273314
2023-07-20,1.4293595921273314
2023-07-21,1.4293595921273314
2023-07-24,1.4293595921273314
2023-07-25,1.4293595921273314
2023-07-26,1.4293595921273314
2023-07-27,1.4293595921273314
2023-07-28,1.4293595921273314
2023-07-31,1.4293595921273314
2023-08-01,1.4293595921273314
2023-08-02,1.4293595921273314
2023-08-03,1.4293595921273314
2023-08-04,1.4293595921273314
2023-08-07,1.4293595921273314
2023-08-08,1.4293595921273314
2023-08-09,1.4293595921273314
2023-08-10,1.4293595921273314
2023-08-11,1.4293595921273314
2023-08-14,1.4293595921273314
2023-08-15,1.4293595921273314
2023-08-16,1.4293595921273314
2023-08-17,1.4293595921273314
2023-08-18,1.4293595921273314
2023-08-21,1.4293595921273314
2023-08-22,1.4293595921273314
2023-08-23,1.4293595921273314
2023-08-24,1.4293595921273314
2023-08-25,1.4293595921273314
2023-08-28,1.4293595921273314
2023-08-29,1.4293595921273314
2023-08-30,1.4293595921273314
2023-08-31,1.4293595921273314
2023-09-01,1.4293595921273314
2023-09-05,1.4293595921273314
2023-09-06,1.4293595921273314
2023-09-07,1.4293595921273314
2023-09-08,1.4293595921273314
2023-09-11,1.4293595921273314
2023-09-12,1.4293595921273314
2023-09-13,1.4293595921273314
2023-09-14,1.4293595921273314
2023-09-15,1.4293595921273314
2023-09-18,1.4293595921273314
2023-09-19,1.4293595921273314
2023-09-20,1.4293595921273314
2023-09-21,1.4293595921273314
2023-09-22,1.4293595921273314
2023-09-25,1.4293595921273314
2023-09-26,1.4293595921273314
2023-09-27,1.4293595921273314
2023-09-28,1.4293595921273314
2023-09-29,1.4293595921273314
2023-10-02,1.4293595921273314
2023-10-03,1.4293595921273314
2023-10-04,1.4293595921273314
2023-10-05,1.4293595921273314
2023-10-06,1.4293595921273314
2023-10-09,1.4293595921273314
2023-10-10,1.4293595921273314
2023-10-11,1.4293595921273314
2023-10-12,1.4293595921273314
2023-10-13,1.4293595921273314
2023-10-16,1.4293595921273314
2023-10-17,1.4293595921273314
2023-10-18,1.4293595921273314
2023-10-19,1.4293595921273314
2023-10-20,1.4293595921273314
2023-10-23,1.4293595921273314
2023-10-24,1.4293595921273314
2023-10-25,1.427857815847272
2023-10-26,1.4234457007072348
2023-10-27,1.4241085536860196
2023-10-30,1.4266978231343983
2023-10-31,1.4269740118755585
2023-11-01,1.4297220898501044
2023-11-02,1.430498870684618
2023-11-03,1.432045527635116
2023-11-06,1.4333332576407765
2023-11-07,1.4347142013465783
2023-11-08,1.435635981270201
2023-11-09,1.4347694390948105
2023-11-10,1.4378696577143357
2023-11-13,1.4368374022942487
2023-11-14,1.438076799270206
2023-11-15,1.4378696577143357
2023-11-16,1.4401136912362638
2023-11-17,1.4379318001810968
2023-11-20,1.4405521408628559
2023-11-21,1.4390434598642674
2023-11-22,1.4406936875927006
2023-11-24,1.4405486885035914
2023-11-27,1.4409560668968031
2023-11-28,1.4423680818359854
2023-11-29,1.4410389235191512
2023-11-30,1.4410596376747382
2023-12-01,1.439540599598356
2023-12-04,1.437686682673317
2023-12-05,1.4388535801047195
2023-12-06,1.4375693024583238
2023-12-07,1.4383115597001923
2023-12-08,1.4383115597001923
2023-12-11,1.4383115597001923
2023-12-12,1.4383115597001923
2023-12-13,1.4383115597001923
2023-12-14,1.4383115597001923
2023-12-15,1.4383115597001923
2023-12-18,1.4383115597001923
2023-12-19,1.4383115597001923
2023-12-20,1.4383115597001923
2023-12-21,1.4383115597001923
2023-12-22,1.4383115597001923
2023-12-26,1.4383115597001923
2023-12-27,1.4383115597001923
2023-12-28,1.4383115597001923
2023-12-29,1.4383115597001923
2024-01-02,1.4383115597001923
2024-01-03,1.4383115597001923
2024-01-04,1.4383115597001923
2024-01-05,1.4383115597001923
2024-01-08,1.4383115597001923
2024-01-09,1.4383115597001923
2024-01-10,1.4383115597001923
2024-01-11,1.4383115597001923
2024-01-12,1.4383115597001923
2024-01-16,1.4383115597001923
2024-01-17,1.4383115597001923
2024-01-18,1.4383115597001923
2024-01-19,1.4383115597001923
2024-01-22,1.4383115597001923
2024-01-23,1.4383115597001923
2024-01-24,1.4383115597001923
2024-01-25,1.4383115597001923
2024-01-26,1.4383115597001923
2024-01-29,1.4383115597001923
2024-01-30,1.4383115597001923
2024-01-31,1.4383115597001923
2024-02-01,1.4383115597001923
2024-02-02,1.4383115597001923
2024-02-05,1.4383115597001923
2024-02-06,1.4383115597001923
2024-02-07,1.4383115597001923
2024-02-08,1.4383115597001923
2024-02-09,1.4383115597001923
2024-02-12,1.4383115597001923
2024-02-13,1.4383115597001923
2024-02-14,1.4383115597001923
2024-02-15,1.4383115597001923
2024-02-16,1.4383115597001923
2024-02-20,1.4383115597001923
2024-02-21,1.4383115597001923
2024-02-22,1.4383115597001923
2024-02-23,1.4383115597001923
2024-02-26,1.4383115597001923
2024-02-27,1.4383115597001923
2024-02-28,1.4383115597001923
2024-02-29,1.4383115597001923
2024-03-01,1.4383115597001923
2024-03-04,1.4383115597001923
2024-03-05,1.4383115597001923
2024-03-06,1.4383115597001923
2024-03-07,1.4383115597001923
2024-03-08,1.4383115597001923
2024-03-11,1.4383115597001923
2024-03-12,1.4383115597001923
2024-03-13,1.4383115597001923
2024-03-14,1.4383115597001923
2024-03-15,1.4383115597001923
2024-03-18,1.4383115597001923
2024-03-19,1.4383115597001923
2024-03-20,1.4383115597001923
2024-03-21,1.4383115597001923
2024-03-22,1.4383115597001923
2024-03-25,1.4383115597001923
2024-03-26,1.4383115597001923
2024-03-27,1.4383115597001923
2024-03-28,1.4383115597001923
2024-04-01,1.4383115597001923
2024-04-02,1.4383115597001923
2024-04-03,1.4383115597001923
2024-04-04,1.4383115597001923
2024-04-05,1.4383115597001923
2024-04-08,1.4383115597001923
2024-04-09,1.4383115597001923
2024-04-10,1.4383115597001923
2024-04-11,1.4383115597001923
2024-04-12,1.4383115597001923
2024-04-15,1.4383115597001923
2024-04-16,1.4383115597001923
2024-04-17,1.4383115597001923
2024-04-18,1.4383115597001923
2024-04-19,1.4383115597001923
2024-04-22,1.4383115597001923
2024-04-23,1.4383115597001923
2024-04-24,1.4383115597001923
2024-04-25,1.4383115597001923
2024-04-26,1.4383115597001923
2024-04-29,1.4383115597001923
2024-04-30,1.4383115597001923
2024-05-01,1.4383115597001923
2024-05-02,1.4383115597001923
2024-05-03,1.4383115597001923
2024-05-06,1.4383115597001923
2024-05-07,1.4394381344582534
2024-05-08,1.4419685039410193
2024-05-09,1.4420186394669015
2024-05-10,1.4431363667792187
2024-05-13,1.445245008014857
2024-05-14,1.444849822104961
2024-05-15,1.4474745643423288
2024-05-16,1.448403546145442
2024-05-17,1.4497513070471015
2024-05-20,1.4499459508534682
2024-05-21,1.4488046303525004
2024-05-22,1.450435509517966
2024-05-23,1.451399881104055
2024-05-24,1.4532136074815618
2024-05-28,1.4502438148601806
2024-05-29,1.4485480544259262
2024-05-30,1.4491142909535382
2024-05-31,1.4527387945599706
2024-06-03,1.4571153310546376
2024-06-04,1.4585220749279235
2024-06-05,1.4609079361302049
2024-06-06,1.4616422741269517
2024-06-07,1.4609079361302049
2024-06-10,1.4609787156961564
2024-06-11,1.4604626146944268
2024-06-12,1.4587698034087537
2024-06-13,1.4597253275490987
2024-06-14,1.4602266828079218
2024-06-17,1.4581504822066782
2024-06-18,1.456260077966057
2024-06-20,1.4574692288843951
2024-06-21,1.4574692288843951
2024-06-24,1.4574692288843951
2024-06-25,1.4574692288843951
2024-06-26,1.4574692288843951
2024-06-27,1.4574692288843951
2024-06-28,1.4574692288843951
2024-07-01,1.4574692288843951
2024-07-02,1.4574692288843951
2024-07-03,1.4574692288843951
2024-07-05,1.4574692288843951
2024-07-08,1.4574692288843951
2024-07-09,1.4574692288843951
2024-07-10,1.4574692288843951
2024-07-11,1.4574692288843951
2024-07-12,1.4574692288843951
2024-07-15,1.4574692288843951
2024-07-16,1.4574692288843951
2024-07-17,1.4574692288843951
2024-07-18,1.4574692288843951
2024-07-19,1.4574692288843951
2024-07-22,1.4574692288843951
2024-07-23,1.4574692288843951
2024-07-24,1.4599223949132105
2024-07-25,1.4614135350483728
2024-07-26,1.4622312570579779
2024-07-29,1.4629142954424716
2024-07-30,1.4653241703060724
2024-07-31,1.4663487278828131
2024-08-01,1.468017842808301
2024-08-02,1.4679961972256939
2024-08-05,1.4671808802808228
2024-08-06,1.4662621455523843
2024-08-07,1.4679336655426065
2024-08-08,1.4686816406749217
2024-08-09,1.468672020415985
2024-08-12,1.469953919919278
2024-08-13,1.4705575911675453
2024-08-14,1.4714715157665157
2024-08-15,1.4707668317994147
2024-08-16,1.4707283507636686
2024-08-19,1.4703098694999295
2024-08-20,1.4699779705666192
2024-08-21,1.4691963245280262
2024-08-22,1.4699827806960875
2024-08-23,1.4694969576197927
2024-08-26,1.4702401226226396
2024-08-27,1.4707956925762242
2024-08-28,1.4716543006863096
2024-08-29,1.4723445542650058
2024-08-30,1.4726451873567723
2024-09-03,1.4724335416601686
2024-09-04,1.474251770599173
2024-09-05,1.4727630355287449
2024-09-06,1.4727630355287449
2024-09-09,1.4727630355287449
2024-09-10,1.4740839991539463
2024-09-11,1.4751105311277473
2024-09-12,1.4784527282517508
2024-09-13,1.4789699730447514
2024-09-16,1.4855747911707582
2024-09-17,1.4832989140815558
2024-09-18,1.4809593760947535
2024-09-19,1.483394405427956
2024-09-20,1.4837206675281562
2024-09-23,1.4820893570271545
2024-09-24,1.4819699928441545
2024-09-25,1.4823519582297549
2024-09-26,1.4838002436501565
2024-09-27,1.4843095308309568
2024-09-30,1.4856304944561582
2024-10-01,1.4830522281033556
2024-10-02,1.4834898967743562
2024-10-03,1.4828134997373554
2024-10-04,1.4859965446173586
2024-10-07,1.485288317131558
2024-10-08,1.4887896664995617
2024-10-09,1.491909050481965
2024-10-10,1.4896172581683624
2024-10-11,1.4899037322075628
2024-10-14,1.490182248634563
2024-10-15,1.4885668533579615
2024-10-16,1.489107970987562
2024-10-17,1.4898321136977628
2024-10-18,1.489044310089962
2024-10-21,1.488304252155361
2024-10-22,1.4895376820463624
2024-10-23,1.4895376820463624
2024-10-24,1.4951829009547448
2024-10-25,1.4911823521220329
2024-10-28,1.4919880182063985
2024-10-29,1.4910101062695134
2024-10-30,1.4849102362018467
2024-10-31,1.4828231893971866
2024-11-01,1.483013648427769
2024-11-04,1.4821428579552716
2024-11-05,1.4840758071213316
2024-11-06,1.49155404089266
2024-11-07,1.494080881082947
2024-11-08,1.5056627837946976
2024-11-11,1.5162841506175668
2024-11-12,1.5204380411063743
2024-11-13,1.5177270884923737
2024-11-14,1.508679394335378
2024-11-15,1.504982299439313
2024-11-18,1.5042852802144262
2024-11-19,1.5024904176086258
2024-11-20,1.5047259880702355
2024-11-21,1.5019138939589813
2024-11-22,1.4990429976852304
2024-11-25,1.502468463147423
2024-11-26,1.5111382681440126
2024-11-27,1.5084183050663174
2024-11-29,1.510095638934799
2024-12-02,1.511062250468147
2024-12-03,1.5109315631646667
2024-12-04,1.5163047914396013
2024-12-05,1.5159907727102369
2024-12-06,1.5184304680262444
2024-12-09,1.5156869477972057
2024-12-10,1.5225588669912806
2024-12-11,1.5309347216236364
2024-12-12,1.5293942202409694
2024-12-13,1.528436476086429
2024-12-16,1.5287459011209727
2024-12-17,1.5279502367464317
2024-12-18,1.5216733289028288
2024-12-19,1.5238687731955443
2024-12-20,1.5273166521518895
2024-12-23,1.5261820936918955
